rsid,chr_name,chr_position,effect_allele,noneffect_allele,Beta,eaf,chr_pos
rs6511720,19,11202306,T,G,-0.211427,0.1075,19:11202306
rs4420638,19,45422946,G,A,0.16801,0.1797,19:45422946
rs629301,1,109818306,T,G,0.157518,0.7742,1:109818306
rs2328223,20,17845921,C,A,0.14,0.2244,20:17845921
rs1367117,2,21263900,A,G,0.105,0.2844,2:21263900
rs1801689,17,64210580,C,A,0.104,0.02673,17:64210580
rs10401969,19,19407718,C,T,-0.089559,0.08456,19:19407718
rs4299376,2,44072576,T,G,-0.0703,0.7127,2:44072576
rs2000999,16,72108093,A,G,0.06302,0.2003,16:72108093
rs9987289,8,9183358,G,A,0.056878,0.8993,8:9183358
rs10490626,2,118835841,A,G,-0.053409,0.06783,2:118835841
rs174546,11,61569830,T,C,-0.05333,0.3121,11:61569830
rs2954029,8,126490972,T,A,-0.0476,0.4468,8:126490972
rs1564348,6,160578860,C,T,0.047474,0.1517,6:160578860
rs2479409,1,55504650,A,G,-0.046614,0.6582,1:55504650
rs2131925,1,63025942,T,G,0.044479,0.6477,1:63025942
rs1800562,6,26093141,A,G,-0.044136,0.0479,6:26093141
rs11220462,11,126243952,A,G,0.042734,0.1453,11:126243952
rs4722551,7,25991826,C,T,0.03991,0.1577,7:25991826
rs6882076,5,156390297,C,T,0.039039,0.626,5:156390297
rs964184,11,116648917,C,G,-0.03699,0.8478,11:116648917
rs3780181,9,2640759,G,A,-0.036964,0.07446,9:2640759
rs1169288,12,121416650,C,A,0.0366,0.3325,12:121416650
rs6029526,20,39672618,A,T,0.035212,0.5095,20:39672618
rs3177928,6,32412435,A,G,0.0349,0.1409,6:32412435
rs3757354,6,16127407,T,C,-0.03343,0.24403,6:16127407
rs7640978,3,32533010,T,C,-0.0331,0.09258,3:32533010
rs12670798,7,21607352,C,T,0.032799,0.2471,7:21607352
rs3764261,16,56993324,A,C,-0.03244,0.3127,16:56993324
rs10102164,8,55421614,A,G,0.0309521,0.202,8:55421614
rs12748152,1,27138393,T,C,0.0306381,0.07209,1:27138393
rs2255141,10,113933886,G,A,-0.02792,0.7281,10:113933886
rs2081687,8,59388565,C,T,-0.0276358,0.6624,8:59388565
rs12027135,1,25775733,T,A,0.0272454,0.5089,1:25775733
rs11065987,12,112072424,G,A,-0.02598,0.3804,12:112072424
rs11136341,8,145043543,G,A,0.0256472,0.3768,8:145043543
rs5763662,22,30378703,T,C,0.0254959,0.03132,22:30378703
rs267733,1,150958836,G,A,-0.0253057,0.1366,1:150958836
rs8017377,14,24883887,A,G,0.02263,0.4228,14:24883887
rs4942486,13,32953388,C,T,-0.0215512,0.5158,13:32953388
rs314253,17,7091650,C,T,-0.01959,0.3507,17:7091650
rs364585,20,12962718,G,A,0.0187598,0.6361,20:12962718
rs17404153,3,132163200,T,G,-0.0182777,0.1261,3:132163200
rs4253772,22,46627603,T,C,0.018203,0.09758,22:46627603
rs4530754,5,122855416,A,G,0.0169497,0.5536,5:122855416
rs2030746,2,121309488,T,C,0.01389,0.4127,2:121309488
rs6831256,4,3473139,G,A,0.01266,0.4412,4:3473139
rs77375493,9,5073770,T,G,-0.2952,0.001137,9:5073770
rs201596848,19,42584958,T,C,-0.2553608,0.001363,19:42584958
rs201148465,6,27835293,C,A,0.2098,0.001378,6:27835293
rs6054,4,155489608,T,C,0.0910444,0.003804,4:155489608
rs147032017,16,88580796,T,C,-0.0906348,0.006487,16:88580796
rs28929474,14,94844947,T,C,0.08124,0.01536,14:94844947
rs635634,9,136155000,T,C,0.0773341,0.1904,9:136155000
rs2758873,6,39246856,A,G,0.0738191,0.237758,6:39246856
rs3846663,5,74655726,T,C,0.0656162,0.3977,5:74655726
rs61754230,12,72179446,T,C,0.0573498,0.01507,12:72179446
rs41274050,10,52573772,T,C,0.0570591,0.007148,10:52573772
rs1800961,20,43042364,T,C,-0.05428,0.03085,20:43042364
rs17173637,7,150529449,C,T,0.0457748,0.1449,7:150529449
rs13315871,3,58381287,A,G,-0.0383928,0.08472,3:58381287
rs13107325,4,103188709,T,C,-0.0345177,0.05057,4:103188709
rs7515577,1,93009438,A,C,0.0302476,0.8166,1:93009438
rs492602,19,49206417,G,A,0.028327,0.4502,19:49206417
rs67710536,9,19376255,C,A,0.0282728,0.1111,9:19376255
rs72836561,17,41926126,T,C,-0.02729,0.02753,17:41926126
rs11871606,17,45732774,A,C,-0.0271453,0.5019,17:45732774
rs2642438,1,220970028,G,A,0.02622,0.7619,1:220970028
rs11694172,2,203532304,G,A,-0.0254615,0.1548,2:203532304
rs9376090,6,135411228,C,T,-0.0251724,0.2377,6:135411228
rs10128711,11,18632984,C,T,0.02502,0.6911,11:18632984
rs2125345,17,73782191,C,T,-0.0242084,0.3126,17:73782191
rs1883025,9,107664301,T,C,-0.02412,0.2623,9:107664301
rs7261862,20,34116282,C,T,-0.023574,0.1768,20:34116282
rs1260326,2,27730940,C,T,-0.02315,0.6287,2:27730940
rs976002,4,69343287,G,A,0.022859,0.2259,4:69343287
rs4883201,12,9082581,G,A,-0.02204,0.115,12:9082581
rs1495741,8,18272881,A,G,-0.021635,0.7527,8:18272881
rs704,17,26694861,A,G,0.0214349,0.4864,17:26694861
rs2290159,3,12628920,C,G,-0.0212431,0.204,3:12628920
rs2287623,2,169830155,A,G,-0.0208912,0.5921,2:169830155
rs1062062,2,101627925,T,C,-0.02069,0.1234,2:101627925
rs1891110,10,124610027,A,G,0.0205575,0.5487,10:124610027
rs3198697,16,15129940,T,C,-0.02055,0.3988,16:15129940
rs7241918,18,47160953,T,G,0.0204613,0.8481,18:47160953
rs1016988,5,131744574,C,T,-0.019644,0.2223,5:131744574
rs9646133,14,71096344,T,G,-0.0189208,0.3263,14:71096344
rs11080150,17,29629326,G,A,-0.0188852,0.3257,17:29629326
rs2076674,22,41170063,C,T,0.0183521,0.3538,22:41170063
rs17189743,2,54482553,A,G,0.01822,0.02832,2:54482553
rs2239619,6,52453220,A,C,0.0180313,0.619,6:52453220
rs1997243,7,1083777,G,A,0.01803,0.1426,7:1083777
rs351855,5,176520243,A,G,-0.01803,0.292,5:176520243
rs738409,22,44324727,G,C,-0.01796,0.2313,22:44324727
rs3812594,9,139368953,A,G,-0.0178008,0.2375,9:139368953
rs7901016,10,74637326,C,T,-0.0177426,0.06978,10:74637326
rs13379043,14,74250126,C,T,-0.0177218,0.3053,14:74250126
rs2814982,6,34546560,T,C,-0.0167865,0.1196,6:34546560
rs10761731,10,65027610,T,A,0.01674,0.4199,10:65027610
rs4129767,17,76403984,A,G,0.0165082,0.4879,17:76403984
rs2068888,10,94839642,A,G,-0.0163534,0.4701,10:94839642
rs2247056,6,31265490,C,T,0.016079,0.765,6:31265490
rs737337,19,11347493,C,T,-0.015796,0.1197,19:11347493
rs10885997,10,118397971,G,A,0.0154428,0.4093,10:118397971
rs138777,22,35711098,G,A,-0.01544,0.6172,22:35711098
rs4809330,20,62349586,G,A,-0.0152932,0.7005,20:62349586
rs1077514,1,23766233,T,C,0.0149723,0.8219,1:23766233
rs2293889,8,116599199,G,T,-0.0149623,0.6204,8:116599199
rs4745,1,155106227,T,A,-0.0148197,0.4876,1:155106227
rs874628,19,18304700,G,A,0.0145906,0.2609,19:18304700
rs13146272,4,187120211,A,C,-0.01453,0.6231,4:187120211
rs7941030,11,122522375,C,T,0.01445,0.38,11:122522375
rs4870044,6,151901409,T,C,0.0143991,0.3408,6:151901409
rs6062343,20,62695931,A,G,-0.0143458,0.4322,20:62695931
rs871841,17,8216468,C,T,0.0140764,0.5191,17:8216468
rs17145738,7,72982874,T,C,0.0138548,0.1149,7:72982874
rs10282707,7,17911038,T,C,-0.0136602,0.4261,7:17911038
rs3927680,9,16887366,A,T,-0.0131538,0.5178,9:16887366
rs1106766,12,57809456,T,C,-0.01311,0.2121,12:57809456
rs76116020,16,69385641,G,A,-0.0130922,0.03279,16:69385641
rs1689800,1,182168885,G,A,0.0129118,0.3391,1:182168885
rs12678919,8,19844222,G,A,0.0123,0.09741,8:19844222
rs8014204,14,75322794,A,G,0.0121151,0.5702,14:75322794
rs626913,8,61548494,C,A,0.01188,0.5191,8:61548494
rs6734238,2,113841030,G,A,-0.01183,0.3909,2:113841030
rs10904908,10,17260290,G,A,0.011618,0.4456,10:17260290
rs970548,10,46013277,C,A,0.0113847,0.2421,10:46013277
rs7157785,14,64235556,T,G,0.01136,0.1773,14:64235556
rs7679,20,44576502,C,T,0.0110928,0.1685,20:44576502
rs7400722,13,114527838,A,G,0.0108984,0.4203,13:114527838
rs645040,3,135926622,T,G,0.0106915,0.7818,3:135926622
rs4759375,12,123796238,T,C,0.0103686,0.1087,12:123796238
rs10871454,16,31048079,T,C,-0.0100139,0.369,16:31048079
rs11708067,3,123065778,G,A,-0.0097741,0.2068,3:123065778
rs2862954,10,101912064,C,T,0.0096841,0.405,10:101912064
rs2785990,1,219687432,T,C,0.0095037,0.6852,1:219687432
rs11603023,11,118486067,C,T,-0.009488,0.5788,11:118486067
rs2070863,17,1648502,T,C,0.0094815,0.2128,17:1648502
rs9686661,5,55861786,T,C,0.0094768,0.1869,5:55861786
rs35665085,22,17625915,A,G,0.0091775,0.04979,22:17625915
rs2274159,9,117166246,G,A,0.0090078,0.48,9:117166246
rs28932178,5,176637576,C,T,-0.008877,0.1679,5:176637576
rs16928809,11,2936952,A,G,-0.008583,0.08745,11:2936952
rs442177,4,88030261,T,G,0.008547,0.5731,4:88030261
rs78074706,16,4755108,A,G,0.008417,0.02152,16:4755108
rs998584,6,43757896,A,C,0.008065,0.4824,6:43757896
rs1801274,1,161479745,G,A,-0.0079908,0.4842,1:161479745
rs702485,7,6449272,G,A,0.0078124,0.4633,7:6449272
rs2923084,11,10388782,G,A,0.007712,0.2006,11:10388782
rs12801636,11,65391317,A,G,0.007643,0.2339,11:65391317
rs7255436,19,8433196,A,C,0.0075534,0.5207,19:8433196
rs181362,22,21932068,T,C,-0.007346,0.254,22:21932068
rs7946,17,17409560,T,C,-0.00721,0.6667,17:17409560
rs146179438,3,48229366,A,C,-0.007085,0.01984,3:48229366
rs581080,9,15305378,C,G,0.0068168,0.7968,9:15305378
rs41302559,20,56140439,A,G,-0.0067475,0.002059,20:56140439
rs2303108,19,47589895,C,T,0.006731,0.6653,19:47589895
rs900399,3,156798732,G,A,0.006631,0.3824,3:156798732
rs4731702,7,130433384,T,C,-0.006628,0.4596,7:130433384
rs7136716,12,7691134,G,A,-0.00607,0.1502,12:7691134
rs340874,1,214159256,C,T,0.0059034,0.5061,1:214159256
rs11776767,8,10683929,C,G,-0.0058878,0.3719,8:10683929
rs35169799,11,64031241,T,C,0.005833,0.05893,11:64031241
rs7134594,12,110000193,T,C,0.005685,0.5261,12:110000193
rs9816226,3,185834499,T,A,0.005662,0.8257,3:185834499
rs1832007,10,5254847,G,A,-0.0056006,0.1381,10:5254847
rs3136441,11,46743247,C,T,0.0052327,0.1514,11:46743247
rs2972146,2,227100698,T,G,0.0052182,0.67,2:227100698
rs4765127,12,124460167,T,G,-0.005202,0.3294,12:124460167
rs8077889,17,41878166,C,A,-0.005101,0.2017,17:41878166
rs605066,6,139829666,T,C,-0.004976,0.5692,6:139829666
rs6450176,5,53298025,A,G,0.004588,0.2703,5:53298025
rs797486,13,51221618,A,C,0.0043901,0.8709,13:51221618
rs1121980,16,53809247,A,G,0.0040968,0.4278,16:53809247
rs8099014,18,56109859,A,C,-0.0040945,0.7115,18:56109859
rs11553746,2,272203,T,C,0.003969,0.3288,2:272203
rs1011731,1,172346548,A,G,-0.003828,0.5598,1:172346548
rs13133548,4,89740128,A,G,0.003702,0.4835,4:89740128
rs2606736,3,11400249,T,C,-0.003689,0.599,3:11400249
rs12328675,2,165540800,C,T,-0.0036588,0.1197,2:165540800
rs38855,7,116358044,G,A,-0.003534,0.4624,7:116358044
rs7134375,12,20473758,A,C,0.0033477,0.4116,12:20473758
rs13326165,3,52532118,G,A,0.0032941,0.8052,3:52532118
rs2602836,4,100014805,G,A,0.003104,0.5796,4:100014805
rs2745353,6,127452935,T,C,0.0030394,0.5253,6:127452935
rs2925979,16,81534790,C,T,-0.002986,0.698,16:81534790
rs4976033,5,67714246,G,A,0.002944,0.4248,5:67714246
rs11869286,17,37813856,C,G,0.0029173,0.6304,17:37813856
rs26008,5,131008194,C,T,0.002729,0.9195,5:131008194
rs2412710,15,42683787,A,G,0.002442,0.0214,15:42683787
rs12055786,6,153431125,T,C,-0.0023762,0.4369,6:153431125
rs17782313,18,57851097,C,T,0.002343,0.2441,18:57851097
rs4983559,14,105277209,A,G,-0.002315,0.5689,14:105277209
rs7248104,19,7224431,A,G,-0.0022646,0.403,19:7224431
rs4650994,1,178515312,A,G,0.002208,0.4916,1:178515312
rs499974,11,75455021,A,C,-0.002109,0.184,11:75455021
rs2305637,3,47045846,T,C,0.0020226,0.1581,3:47045846
rs5756931,22,38546033,C,T,-0.0019876,0.3691,22:38546033
rs4871137,8,121868551,T,G,-0.001985,0.6404,8:121868551
rs10483776,14,65914867,G,A,-0.0018306,0.1638,14:65914867
rs1037378,11,14852490,A,G,-0.0017962,0.5357,11:14852490
rs17695224,19,52324216,A,G,-0.001773,0.2508,19:52324216
rs12145743,1,156700651,G,T,-0.0016557,0.3121,1:156700651
rs3947,8,11702375,A,G,-0.0016426,0.2313,8:11702375
rs4917014,7,50305863,G,T,-0.001572,0.2985,7:50305863
rs838880,12,125261593,T,C,-0.0014224,0.6334,12:125261593
rs3769823,2,202122995,G,A,0.001299,0.6897,2:202122995
rs16942887,16,67928042,A,G,0.0012499,0.1336,16:67928042
rs731839,19,33899065,A,G,0.001228,0.6336,19:33899065
rs4660293,1,40028180,G,A,0.0009698,0.208,1:40028180
rs7076938,10,115789375,T,C,-0.0009664,0.7253,10:115789375
rs2929282,15,44245931,T,A,0.0009448,0.06708,15:44245931
rs10968576,9,28414339,G,A,-0.0008863,0.2891,9:28414339
rs10861661,12,107174646,C,A,0.0008568,0.2332,12:107174646
rs2074158,17,40257163,C,T,0.0008413,0.1867,17:40257163
rs138358301,13,45970147,G,A,0.0007869,0.003473,13:45970147
rs746463,11,109995944,T,C,0.0007307,0.6892,11:109995944
rs7613875,3,49971514,A,C,0.0006262,0.4941,3:49971514
rs3803357,15,40751555,A,C,0.0004181,0.5429,15:40751555
rs622082,11,68703959,G,A,0.0003493,0.3102,11:68703959
rs386000,19,54792761,C,G,-0.0002399,0.2189,19:54792761
rs1532085,15,58683366,G,A,0.000173,0.5907,15:58683366
rs4846914,1,230295691,A,G,0.0001637,0.5506,1:230295691
